{"count":1,"self":49.211001599999996,"total":49.3778583,"children":{"InitializeActuators":{"count":1,"self":0.0009994,"total":0.0009994,"children":null},"InitializeSensors":{"count":1,"self":0.0019982999999999997,"total":0.0019982999999999997,"children":null},"AgentSendState":{"count":2249,"self":0.1089401,"total":0.13488229999999998,"children":{"CollectObservations":{"count":2249,"self":0.0059708999999999995,"total":0.0059708999999999995,"children":null},"WriteActionMask":{"count":2249,"self":0.0009853,"total":0.0009853,"children":null},"RequestDecision":{"count":2249,"self":0.0129698,"total":0.018986,"children":{"RayPerceptionSensor.Perceive":{"count":2249,"self":0.0060161999999999993,"total":0.0060161999999999993,"children":null}}}}},"DecideAction":{"count":2249,"self":0.0150107,"total":0.0150107,"children":null},"AgentAct":{"count":2249,"self":0.012981099999999999,"total":0.012981099999999999,"children":null}},"gauges":{},"metadata":{"timer_format_version":"0.1.0","start_time_seconds":"1676907579","unity_version":"2021.3.2f1","command_line_arguments":"C:\\Program Files\\Unity\\Hub\\Editor\\2021.3.2f1\\Editor\\Unity.exe -projectpath B:\\Unity projects\\TeseShooter -useHub -hubIPC -cloudEnvironment production -licensingIpc LicenseClient-user -hubSessionId a20789b0-b126-11ed-a3a5-db93539f606e","communication_protocol_version":"1.5.0","com.unity.ml-agents_version":"2.0.1","scene_name":"CurriculumTraining","end_time_seconds":"1676907628"}}