{"count":1,"self":37.5771296,"total":39.1626596,"children":{"InitializeActuators":{"count":1,"self":0.0019979999999999998,"total":0.0019979999999999998,"children":null},"InitializeSensors":{"count":1,"self":0.0019979999999999998,"total":0.0019979999999999998,"children":null},"AgentSendState":{"count":1719,"self":0.085895699999999992,"total":0.1178622,"children":{"CollectObservations":{"count":1719,"self":0.0049949999999999994,"total":0.0049949999999999994,"children":null},"WriteActionMask":{"count":1719,"self":0.0069816999999999995,"total":0.0069816999999999995,"children":null},"RequestDecision":{"count":1719,"self":0.0199898,"total":0.0199898,"children":null}}},"DecideAction":{"count":1719,"self":1.4536628,"total":1.4576596,"children":{"RayPerceptionSensor.Perceive":{"count":1719,"self":0.0039968,"total":0.0039968,"children":null}}},"AgentAct":{"count":1719,"self":0.0049955999999999993,"total":0.0049955999999999993,"children":null}},"gauges":{"ShootingAgent.CumulativeReward":{"count":6,"max":4.279203,"min":-0.5214997,"runningAverage":0.810183764,"value":4.279203,"weightedAverage":1.18326557}},"metadata":{"timer_format_version":"0.1.0","start_time_seconds":"1677087494","unity_version":"2021.3.2f1","command_line_arguments":"C:\\Program Files\\Unity\\Hub\\Editor\\2021.3.2f1\\Editor\\Unity.exe -projectpath B:\\Unity projects\\TeseShooter -useHub -hubIPC -cloudEnvironment production -licensingIpc LicenseClient-user -hubSessionId f4b736f0-b2c6-11ed-8f6a-3f1af21acabd","communication_protocol_version":"1.5.0","com.unity.ml-agents_version":"2.0.1","scene_name":"CurriculumTraining","end_time_seconds":"1677087534"}}